what,kind,bundleId,bundleVersion,description,time
deactivated,workbench,org.eclipse.ui.workbench,3.6.1.M20100826-1330,"",1767330808615
activated,workbench,org.eclipse.ui.workbench,3.6.1.M20100826-1330,"",1767330808693
deactivated,workbench,org.eclipse.ui.workbench,3.6.1.M20100826-1330,"",1767330811440
activated,workbench,org.eclipse.ui.workbench,3.6.1.M20100826-1330,"",1767330811503
deactivated,workbench,org.eclipse.ui.workbench,3.6.1.M20100826-1330,"",1767330813282
activated,workbench,org.eclipse.ui.workbench,3.6.1.M20100826-1330,"",1767330866247
executed,command,org.eclipse.ui,3.6.1.M20100826-1330,"org.eclipse.ui.edit.paste",1767330873585
executed,command,org.eclipse.ui,3.6.1.M20100826-1330,"org.eclipse.ui.file.save",1767330874744
deactivated,workbench,org.eclipse.ui.workbench,3.6.1.M20100826-1330,"",1767330876422
activated,workbench,org.eclipse.ui.workbench,3.6.1.M20100826-1330,"",1767330879763
executed,command,org.eclipse.ui,3.6.1.M20100826-1330,"org.eclipse.ui.edit.undo",1767330884900
deactivated,workbench,org.eclipse.ui.workbench,3.6.1.M20100826-1330,"",1767330887521
activated,workbench,org.eclipse.ui.workbench,3.6.1.M20100826-1330,"",1767330896482
deactivated,workbench,org.eclipse.ui.workbench,3.6.1.M20100826-1330,"",1767330899336
activated,workbench,org.eclipse.ui.workbench,3.6.1.M20100826-1330,"",1767330902507
executed,command,org.eclipse.ui,3.6.1.M20100826-1330,"org.eclipse.ui.edit.paste",1767330912885
executed,command,org.eclipse.ui,3.6.1.M20100826-1330,"org.eclipse.ui.file.save",1767330914427
deactivated,workbench,org.eclipse.ui.workbench,3.6.1.M20100826-1330,"",1767330921830
activated,workbench,org.eclipse.ui.workbench,3.6.1.M20100826-1330,"",1767330962086
deactivated,workbench,org.eclipse.ui.workbench,3.6.1.M20100826-1330,"",1767330965333
activated,workbench,org.eclipse.ui.workbench,3.6.1.M20100826-1330,"",1767330971671
executed,command,org.eclipse.ui,3.6.1.M20100826-1330,"org.eclipse.ui.edit.selectAll",1767330973527
executed,command,org.eclipse.ui,3.6.1.M20100826-1330,"org.eclipse.ui.edit.copy",1767330973823
deactivated,workbench,org.eclipse.ui.workbench,3.6.1.M20100826-1330,"",1767330974393
activated,workbench,org.eclipse.ui.workbench,3.6.1.M20100826-1330,"",1767331017148
executed,command,org.eclipse.ui,3.6.1.M20100826-1330,"org.eclipse.ui.edit.selectAll",1767331019857
executed,command,org.eclipse.ui,3.6.1.M20100826-1330,"org.eclipse.ui.edit.paste",1767331020126
executed,command,org.eclipse.ui,3.6.1.M20100826-1330,"org.eclipse.ui.file.save",1767331021268
executed,command,org.eclipse.ui,3.6.1.M20100826-1330,"org.eclipse.ui.file.save",1767331033089
deactivated,workbench,org.eclipse.ui.workbench,3.6.1.M20100826-1330,"",1767331034594
activated,workbench,org.eclipse.ui.workbench,3.6.1.M20100826-1330,"",1767331037821
executed,command,org.eclipse.ui,3.6.1.M20100826-1330,"org.eclipse.ui.file.save",1767331058669
deactivated,workbench,org.eclipse.ui.workbench,3.6.1.M20100826-1330,"",1767331059035
activated,workbench,org.eclipse.ui.workbench,3.6.1.M20100826-1330,"",1767331116868
deactivated,workbench,org.eclipse.ui.workbench,3.6.1.M20100826-1330,"",1767331148650
activated,workbench,org.eclipse.ui.workbench,3.6.1.M20100826-1330,"",1767331150887
executed,command,org.eclipse.jdt.ui,3.6.1.r361_v20100825-0800,"org.eclipse.jdt.ui.edit.text.java.toggle.comment",1767331183465
deactivated,workbench,org.eclipse.ui.workbench,3.6.1.M20100826-1330,"",1767331190282
activated,workbench,org.eclipse.ui.workbench,3.6.1.M20100826-1330,"",1767331192305
deactivated,workbench,org.eclipse.ui.workbench,3.6.1.M20100826-1330,"",1767331192412
activated,workbench,org.eclipse.ui.workbench,3.6.1.M20100826-1330,"",1767331194269
executed,command,org.eclipse.ui,3.6.1.M20100826-1330,"org.eclipse.ui.edit.undo",1767331225578
executed,command,org.eclipse.ui,3.6.1.M20100826-1330,"org.eclipse.ui.edit.undo",1767331225964
executed,command,org.eclipse.ui,3.6.1.M20100826-1330,"org.eclipse.ui.edit.undo",1767331226781
executed,command,org.eclipse.ui,3.6.1.M20100826-1330,"org.eclipse.ui.edit.undo",1767331227411
executed,command,org.eclipse.ui,3.6.1.M20100826-1330,"org.eclipse.ui.edit.undo",1767331228117
executed,command,org.eclipse.ui,3.6.1.M20100826-1330,"org.eclipse.ui.edit.undo",1767331236530
executed,command,org.eclipse.ui,3.6.1.M20100826-1330,"org.eclipse.ui.file.save",1767331244279
executed,command,org.eclipse.ui,3.6.1.M20100826-1330,"org.eclipse.ui.file.save",1767331269131
executed,command,org.eclipse.ui,3.6.1.M20100826-1330,"org.eclipse.ui.file.save",1767331279403
executed,command,org.eclipse.ui,3.6.1.M20100826-1330,"org.eclipse.ui.edit.undo",1767331292855
executed,command,org.eclipse.ui,3.6.1.M20100826-1330,"org.eclipse.ui.edit.undo",1767331297231
executed,command,org.eclipse.ui,3.6.1.M20100826-1330,"org.eclipse.ui.edit.undo",1767331298069
executed,command,org.eclipse.ui,3.6.1.M20100826-1330,"org.eclipse.ui.edit.undo",1767331298725
executed,command,org.eclipse.ui,3.6.1.M20100826-1330,"org.eclipse.ui.edit.undo",1767331299336
executed,command,org.eclipse.ui,3.6.1.M20100826-1330,"org.eclipse.ui.file.save",1767331312272
executed,command,org.eclipse.ui,3.6.1.M20100826-1330,"org.eclipse.ui.edit.copy",1767331351418
deactivated,workbench,org.eclipse.ui.workbench,3.6.1.M20100826-1330,"",1767331351926
activated,workbench,org.eclipse.ui.workbench,3.6.1.M20100826-1330,"",1767331400168
executed,command,org.eclipse.ui,3.6.1.M20100826-1330,"org.eclipse.ui.file.save",1767331450679
executed,command,org.eclipse.jdt.ui,3.6.1.r361_v20100825-0800,"org.eclipse.jdt.ui.edit.text.java.toggle.comment",1767331529964
executed,command,org.eclipse.ui,3.6.1.M20100826-1330,"org.eclipse.ui.file.save",1767331535529
deactivated,workbench,org.eclipse.ui.workbench,3.6.1.M20100826-1330,"",1767331537152
activated,workbench,org.eclipse.ui.workbench,3.6.1.M20100826-1330,"",1767331539642
executed,command,org.eclipse.ui,3.6.1.M20100826-1330,"org.eclipse.ui.edit.undo",1767331550501
executed,command,org.eclipse.ui,3.6.1.M20100826-1330,"org.eclipse.ui.edit.undo",1767331550873
executed,command,org.eclipse.ui,3.6.1.M20100826-1330,"org.eclipse.ui.file.save",1767331621225
deactivated,workbench,org.eclipse.ui.workbench,3.6.1.M20100826-1330,"",1767331654324
activated,workbench,org.eclipse.ui.workbench,3.6.1.M20100826-1330,"",1767331683441
executed,command,org.eclipse.ui,3.6.1.M20100826-1330,"org.eclipse.ui.file.save",1767331824604
executed,command,org.eclipse.ui,3.6.1.M20100826-1330,"org.eclipse.ui.file.save",1767331846225
deactivated,workbench,org.eclipse.ui.workbench,3.6.1.M20100826-1330,"",1767331882728
activated,workbench,org.eclipse.ui.workbench,3.6.1.M20100826-1330,"",1767331999769
executed,command,org.eclipse.ui,3.6.1.M20100826-1330,"org.eclipse.ui.edit.selectAll",1767332000780
executed,command,org.eclipse.ui,3.6.1.M20100826-1330,"org.eclipse.ui.edit.copy",1767332001068
deactivated,workbench,org.eclipse.ui.workbench,3.6.1.M20100826-1330,"",1767332001527
activated,workbench,org.eclipse.ui.workbench,3.6.1.M20100826-1330,"",1767332008377
executed,command,org.eclipse.ui,3.6.1.M20100826-1330,"org.eclipse.ui.file.save",1767332019091
deactivated,workbench,org.eclipse.ui.workbench,3.6.1.M20100826-1330,"",1767332020646
activated,workbench,org.eclipse.ui.workbench,3.6.1.M20100826-1330,"",1767332055233
executed,command,org.eclipse.jdt.ui,3.6.1.r361_v20100825-0800,"org.eclipse.jdt.ui.edit.text.java.toggle.comment",1767332262348
deactivated,workbench,org.eclipse.ui.workbench,3.6.1.M20100826-1330,"",1767332280472
activated,workbench,org.eclipse.ui.workbench,3.6.1.M20100826-1330,"",1767332282480
deactivated,workbench,org.eclipse.ui.workbench,3.6.1.M20100826-1330,"",1767332309658
activated,workbench,org.eclipse.ui.workbench,3.6.1.M20100826-1330,"",1767332311681
deactivated,workbench,org.eclipse.ui.workbench,3.6.1.M20100826-1330,"",1767332389729
activated,workbench,org.eclipse.ui.workbench,3.6.1.M20100826-1330,"",1767332389809
deactivated,workbench,org.eclipse.ui.workbench,3.6.1.M20100826-1330,"",1767332390675
activated,workbench,org.eclipse.ui.workbench,3.6.1.M20100826-1330,"",1767332390755
deactivated,workbench,org.eclipse.ui.workbench,3.6.1.M20100826-1330,"",1767332553145
activated,workbench,org.eclipse.ui.workbench,3.6.1.M20100826-1330,"",1767332554950
executed,command,org.eclipse.ui,3.6.1.M20100826-1330,"org.eclipse.ui.file.save",1767332570592
deactivated,workbench,org.eclipse.ui.workbench,3.6.1.M20100826-1330,"",1767332804455
activated,workbench,org.eclipse.ui.workbench,3.6.1.M20100826-1330,"",1767333131089
executed,command,org.eclipse.ui,3.6.1.M20100826-1330,"org.eclipse.ui.edit.selectAll",1767333132183
executed,command,org.eclipse.ui,3.6.1.M20100826-1330,"org.eclipse.ui.edit.copy",1767333132449
executed,command,org.eclipse.ui,3.6.1.M20100826-1330,"org.eclipse.ui.edit.selectAll",1767333143748
executed,command,org.eclipse.ui,3.6.1.M20100826-1330,"org.eclipse.ui.edit.copy",1767333144062
activated,view,org.eclipse.ui.navigator.resources,3.4.201.M20100707-0800,"org.eclipse.ui.navigator.ProjectExplorer",1767333145437
deactivated,workbench,org.eclipse.ui.workbench,3.6.1.M20100826-1330,"",1767333170845
activated,workbench,org.eclipse.ui.workbench,3.6.1.M20100826-1330,"",1767333175519
deactivated,workbench,org.eclipse.ui.workbench,3.6.1.M20100826-1330,"",1767333182269
activated,workbench,org.eclipse.ui.workbench,3.6.1.M20100826-1330,"",1767333189932
opened,editor,org.eclipse.jdt.ui,3.6.1.r361_v20100825-0800,"org.eclipse.jdt.ui.CompilationUnitEditor",1767333190011
activated,editor,org.eclipse.jdt.ui,3.6.1.r361_v20100825-0800,"org.eclipse.jdt.ui.CompilationUnitEditor",1767333190058
executed,command,org.eclipse.ui,3.6.1.M20100826-1330,"org.eclipse.ui.edit.selectAll",1767333191106
executed,command,org.eclipse.ui,3.6.1.M20100826-1330,"org.eclipse.ui.edit.paste",1767333191265
executed,command,org.eclipse.ui,3.6.1.M20100826-1330,"org.eclipse.ui.edit.copy",1767333205726
executed,command,org.eclipse.ui,3.6.1.M20100826-1330,"org.eclipse.ui.edit.paste",1767333210790
executed,command,org.eclipse.ui,3.6.1.M20100826-1330,"org.eclipse.ui.edit.paste",1767333211786
executed,command,org.eclipse.ui,3.6.1.M20100826-1330,"org.eclipse.ui.edit.copy",1767333223035
executed,command,org.eclipse.ui,3.6.1.M20100826-1330,"org.eclipse.ui.edit.paste",1767333224870
executed,command,org.eclipse.ui,3.6.1.M20100826-1330,"org.eclipse.ui.edit.paste",1767333226266
executed,command,org.eclipse.ui,3.6.1.M20100826-1330,"org.eclipse.ui.edit.undo",1767333280345
executed,command,org.eclipse.ui,3.6.1.M20100826-1330,"org.eclipse.ui.edit.undo",1767333280618
executed,command,org.eclipse.ui,3.6.1.M20100826-1330,"org.eclipse.ui.edit.undo",1767333281041
executed,command,org.eclipse.jdt.ui,3.6.1.r361_v20100825-0800,"org.eclipse.jdt.ui.edit.text.java.rename.element",1767333285418
executed,command,org.eclipse.ui,3.6.1.M20100826-1330,"org.eclipse.ui.file.save",1767333289909
executed,command,org.eclipse.ui,3.6.1.M20100826-1330,"org.eclipse.ui.edit.copy",1767333295765
executed,command,org.eclipse.ui,3.6.1.M20100826-1330,"org.eclipse.ui.edit.paste",1767333298073
executed,command,org.eclipse.ui,3.6.1.M20100826-1330,"org.eclipse.ui.edit.paste",1767333300330
executed,command,org.eclipse.ui,3.6.1.M20100826-1330,"org.eclipse.ui.file.save",1767333301454
executed,command,org.eclipse.ui,3.6.1.M20100826-1330,"org.eclipse.ui.file.save",1767333308824
executed,command,org.eclipse.ui,3.6.1.M20100826-1330,"org.eclipse.ui.edit.undo",1767333326423
executed,command,org.eclipse.jdt.ui,3.6.1.r361_v20100825-0800,"org.eclipse.jdt.ui.edit.text.java.rename.element",1767333331090
executed,command,org.eclipse.ui,3.6.1.M20100826-1330,"org.eclipse.ui.file.save",1767333344858
deactivated,workbench,org.eclipse.ui.workbench,3.6.1.M20100826-1330,"",1767333360709
activated,workbench,org.eclipse.ui.workbench,3.6.1.M20100826-1330,"",1767333364979
executed,command,org.eclipse.ui,3.6.1.M20100826-1330,"org.eclipse.ui.file.save",1767333380615
activated,view,org.eclipse.ui.console,3.5.0.v20100526,"org.eclipse.ui.console.ConsoleView",1767333450907
activated,editor,org.eclipse.jdt.ui,3.6.1.r361_v20100825-0800,"org.eclipse.jdt.ui.CompilationUnitEditor",1767333455283
executed,command,org.eclipse.ui,3.6.1.M20100826-1330,"org.eclipse.ui.edit.copy",1767333508030
executed,command,org.eclipse.ui,3.6.1.M20100826-1330,"org.eclipse.ui.edit.paste",1767333514970
executed,command,org.eclipse.ui,3.6.1.M20100826-1330,"org.eclipse.ui.file.save",1767333523338
executed,command,org.eclipse.ui,3.6.1.M20100826-1330,"org.eclipse.ui.edit.undo",1767334083629
executed,command,org.eclipse.ui,3.6.1.M20100826-1330,"org.eclipse.ui.edit.undo",1767334084069
executed,command,org.eclipse.ui,3.6.1.M20100826-1330,"org.eclipse.ui.edit.undo",1767334084461
executed,command,org.eclipse.ui,3.6.1.M20100826-1330,"org.eclipse.ui.edit.undo",1767334084854
executed,command,org.eclipse.ui,3.6.1.M20100826-1330,"org.eclipse.ui.edit.undo",1767334086867
executed,command,org.eclipse.ui,3.6.1.M20100826-1330,"org.eclipse.ui.edit.undo",1767334087495
executed,command,org.eclipse.ui,3.6.1.M20100826-1330,"org.eclipse.ui.edit.undo",1767334087991
executed,command,org.eclipse.ui,3.6.1.M20100826-1330,"org.eclipse.ui.edit.undo",1767334088923
executed,command,org.eclipse.ui,3.6.1.M20100826-1330,"org.eclipse.ui.edit.undo",1767334089273
executed,command,org.eclipse.ui,3.6.1.M20100826-1330,"org.eclipse.ui.edit.undo",1767334089600
executed,command,org.eclipse.ui,3.6.1.M20100826-1330,"org.eclipse.ui.edit.undo",1767334089897
executed,command,org.eclipse.ui,3.6.1.M20100826-1330,"org.eclipse.ui.edit.selectAll",1767334092368
executed,command,org.eclipse.ui,3.6.1.M20100826-1330,"org.eclipse.ui.edit.copy",1767334092684
deactivated,workbench,org.eclipse.ui.workbench,3.6.1.M20100826-1330,"",1767334094251
activated,workbench,org.eclipse.ui.workbench,3.6.1.M20100826-1330,"",1767334101339
executed,command,org.eclipse.ui,3.6.1.M20100826-1330,"org.eclipse.ui.edit.copy",1767334152809
executed,command,org.eclipse.ui,3.6.1.M20100826-1330,"org.eclipse.ui.edit.paste",1767334154534
executed,command,org.eclipse.ui,3.6.1.M20100826-1330,"org.eclipse.ui.edit.paste",1767334155448
executed,command,org.eclipse.ui,3.6.1.M20100826-1330,"org.eclipse.ui.edit.paste",1767334156030
executed,command,org.eclipse.ui,3.6.1.M20100826-1330,"org.eclipse.ui.file.save",1767334179660
executed,command,org.eclipse.ui,3.6.1.M20100826-1330,"org.eclipse.ui.file.save",1767334207945
deactivated,workbench,org.eclipse.ui.workbench,3.6.1.M20100826-1330,"",1767334270540
activated,workbench,org.eclipse.ui.workbench,3.6.1.M20100826-1330,"",1767334273523
executed,command,org.eclipse.ui,3.6.1.M20100826-1330,"org.eclipse.ui.file.save",1767334276266
executed,command,org.eclipse.ui,3.6.1.M20100826-1330,"org.eclipse.ui.file.save",1767334304768
executed,command,org.eclipse.ui,3.6.1.M20100826-1330,"org.eclipse.ui.file.save",1767334331643
executed,command,org.eclipse.ui,3.6.1.M20100826-1330,"org.eclipse.ui.edit.cut",1767334348646
executed,command,org.eclipse.ui,3.6.1.M20100826-1330,"org.eclipse.ui.edit.paste",1767334350697
executed,command,org.eclipse.ui,3.6.1.M20100826-1330,"org.eclipse.ui.file.save",1767334361018
executed,command,org.eclipse.ui,3.6.1.M20100826-1330,"org.eclipse.ui.file.save",1767334370778
deactivated,workbench,org.eclipse.ui.workbench,3.6.1.M20100826-1330,"",1767334386194
activated,workbench,org.eclipse.ui.workbench,3.6.1.M20100826-1330,"",1767334388342
executed,command,org.eclipse.ui,3.6.1.M20100826-1330,"org.eclipse.ui.edit.selectAll",1767334394917
executed,command,org.eclipse.ui,3.6.1.M20100826-1330,"org.eclipse.ui.edit.copy",1767334395300
deactivated,workbench,org.eclipse.ui.workbench,3.6.1.M20100826-1330,"",1767334395912
activated,workbench,org.eclipse.ui.workbench,3.6.1.M20100826-1330,"",1767334424464
deactivated,workbench,org.eclipse.ui.workbench,3.6.1.M20100826-1330,"",1767334464058
activated,workbench,org.eclipse.ui.workbench,3.6.1.M20100826-1330,"",1767334464594
deactivated,workbench,org.eclipse.ui.workbench,3.6.1.M20100826-1330,"",1767334464602
activated,workbench,org.eclipse.ui.workbench,3.6.1.M20100826-1330,"",1767334464941
executed,command,org.eclipse.ui.workbench.texteditor,3.6.1.r361_v20100714-0800,"org.eclipse.ui.edit.text.smartEnter",1767334508990
executed,command,org.eclipse.ui,3.6.1.M20100826-1330,"org.eclipse.ui.edit.undo",1767334510091
executed,command,org.eclipse.ui,3.6.1.M20100826-1330,"org.eclipse.ui.edit.undo",1767334510465
executed,command,org.eclipse.ui,3.6.1.M20100826-1330,"org.eclipse.ui.edit.undo",1767334510865
executed,command,org.eclipse.ui,3.6.1.M20100826-1330,"org.eclipse.ui.edit.undo",1767334511285
executed,command,org.eclipse.ui,3.6.1.M20100826-1330,"org.eclipse.ui.edit.copy",1767334526363
executed,command,org.eclipse.ui,3.6.1.M20100826-1330,"org.eclipse.ui.edit.paste",1767334528659
executed,command,org.eclipse.ui,3.6.1.M20100826-1330,"org.eclipse.ui.file.save",1767334543147
executed,command,org.eclipse.ui,3.6.1.M20100826-1330,"org.eclipse.ui.file.save",1767334550082
executed,command,org.eclipse.ui,3.6.1.M20100826-1330,"org.eclipse.ui.edit.cut",1767334557537
executed,command,org.eclipse.ui,3.6.1.M20100826-1330,"org.eclipse.ui.edit.paste",1767334559199
executed,command,org.eclipse.ui,3.6.1.M20100826-1330,"org.eclipse.ui.file.save",1767334560591
executed,command,org.eclipse.ui,3.6.1.M20100826-1330,"org.eclipse.ui.edit.selectAll",1767334565254
executed,command,org.eclipse.ui,3.6.1.M20100826-1330,"org.eclipse.ui.edit.selectAll",1767334567695
executed,command,org.eclipse.ui,3.6.1.M20100826-1330,"org.eclipse.ui.edit.copy",1767334567987
deactivated,workbench,org.eclipse.ui.workbench,3.6.1.M20100826-1330,"",1767334568433
activated,workbench,org.eclipse.ui.workbench,3.6.1.M20100826-1330,"",1767334590144
executed,command,,,"AUTOGEN:::org.eclipse.jdt.internal.ui.CompilationUnitEditor.ruler.actions/org.eclipse.jdt.internal.ui.javaeditor.JavaSelectRulerAction",1767334620363
deactivated,workbench,org.eclipse.ui.workbench,3.6.1.M20100826-1330,"",1767334626363
activated,workbench,org.eclipse.ui.workbench,3.6.1.M20100826-1330,"",1767334630225
deactivated,workbench,org.eclipse.ui.workbench,3.6.1.M20100826-1330,"",1767334635291
activated,workbench,org.eclipse.ui.workbench,3.6.1.M20100826-1330,"",1767334666502
executed,command,org.eclipse.ui,3.6.1.M20100826-1330,"org.eclipse.ui.file.save",1767334672693
executed,command,org.eclipse.ui,3.6.1.M20100826-1330,"org.eclipse.ui.file.save",1767334697991
executed,command,org.eclipse.ui,3.6.1.M20100826-1330,"org.eclipse.ui.file.save",1767334886628
executed,command,org.eclipse.ui,3.6.1.M20100826-1330,"org.eclipse.ui.edit.undo",1767334903345
executed,command,org.eclipse.ui,3.6.1.M20100826-1330,"org.eclipse.ui.edit.undo",1767334903587
executed,command,org.eclipse.ui,3.6.1.M20100826-1330,"org.eclipse.ui.edit.undo",1767334903816
executed,command,org.eclipse.ui,3.6.1.M20100826-1330,"org.eclipse.ui.edit.undo",1767334904075
executed,command,org.eclipse.ui,3.6.1.M20100826-1330,"org.eclipse.ui.edit.undo",1767334904390
executed,command,org.eclipse.ui.workbench.texteditor,3.6.1.r361_v20100714-0800,"org.eclipse.ui.edit.text.smartEnter",1767334917721
deactivated,workbench,org.eclipse.ui.workbench,3.6.1.M20100826-1330,"",1767334928826
activated,workbench,org.eclipse.ui.workbench,3.6.1.M20100826-1330,"",1767334930642
executed,command,org.eclipse.ui,3.6.1.M20100826-1330,"org.eclipse.ui.file.save",1767334943893
executed,command,org.eclipse.ui,3.6.1.M20100826-1330,"org.eclipse.ui.edit.selectAll",1767334987599
executed,command,org.eclipse.ui,3.6.1.M20100826-1330,"org.eclipse.ui.edit.copy",1767334987865
deactivated,workbench,org.eclipse.ui.workbench,3.6.1.M20100826-1330,"",1767334988463
activated,workbench,org.eclipse.ui.workbench,3.6.1.M20100826-1330,"",1767334995125
opened,editor,org.eclipse.jdt.ui,3.6.1.r361_v20100825-0800,"org.eclipse.jdt.ui.CompilationUnitEditor",1767335036260
activated,editor,org.eclipse.jdt.ui,3.6.1.r361_v20100825-0800,"org.eclipse.jdt.ui.CompilationUnitEditor",1767335036304
deactivated,workbench,org.eclipse.ui.workbench,3.6.1.M20100826-1330,"",1767335219815
activated,workbench,org.eclipse.ui.workbench,3.6.1.M20100826-1330,"",1767336134096
deactivated,workbench,org.eclipse.ui.workbench,3.6.1.M20100826-1330,"",1767336136790
activated,workbench,org.eclipse.ui.workbench,3.6.1.M20100826-1330,"",1767339137185
deactivated,workbench,org.eclipse.ui.workbench,3.6.1.M20100826-1330,"",1767339139112
activated,workbench,org.eclipse.ui.workbench,3.6.1.M20100826-1330,"",1767339141126
closed,workbench,org.eclipse.ui.workbench,3.6.1.M20100826-1330,"",1767339141507
stopped,bundle,org.eclipse.mylyn.ide.ant,3.4.0.v20100608-0100-e3x,"org.eclipse.mylyn.ide.ant",1767339141994
stopped,bundle,org.eclipse.ant.ui,3.5.0.v20100427,"org.eclipse.ant.ui",1767339141998
stopped,bundle,org.eclipse.ant.launching,1.0.0.v20100427,"org.eclipse.ant.launching",1767339142002
stopped,bundle,org.eclipse.compare.win32,1.0.100.I20100505-1245,"org.eclipse.compare.win32",1767339142006
stopped,bundle,org.eclipse.equinox.p2.ui.sdk,1.0.100.v20100513,"org.eclipse.equinox.p2.ui.sdk",1767339142010
stopped,bundle,org.eclipse.mylyn.java.tasks,3.4.0.v20100608-0100-e3x,"org.eclipse.mylyn.java.tasks",1767339142010
stopped,bundle,org.eclipse.mylyn.java.ui,3.4.0.v20100608-0100-e3x,"org.eclipse.mylyn.java.ui",1767339142016
stopped,bundle,org.eclipse.jdt.junit,3.6.1.r361_v20100825-0800,"org.eclipse.jdt.junit",1767339142016
stopped,bundle,org.eclipse.jdt.apt.ui,3.3.300.v20100513-0845,"org.eclipse.jdt.apt.ui",1767339142026
stopped,bundle,org.eclipse.jdt.debug.ui,3.5.0.v20100602-0830,"org.eclipse.jdt.debug.ui",1767339142026
stopped,bundle,org.eclipse.jdt.ui,3.6.1.r361_v20100825-0800,"org.eclipse.jdt.ui",1767339142041
stopped,bundle,org.eclipse.wst.dtd.ui,1.0.500.v201004290328,"org.eclipse.wst.dtd.ui",1767339142041
stopped,bundle,org.eclipse.wst.xsd.ui,1.2.303.v201004290328,"org.eclipse.wst.xsd.ui",1767339142041
stopped,bundle,org.eclipse.wst.xml.ui,1.1.102.v201008251905,"org.eclipse.wst.xml.ui",1767339142062
stopped,bundle,org.eclipse.wst.common.ui,1.1.500.v200911190730,"org.eclipse.wst.common.ui",1767339142066
stopped,bundle,org.eclipse.wst.sse.ui,1.2.2.v201008232126,"org.eclipse.wst.sse.ui",1767339142066
stopped,bundle,org.eclipse.search,3.6.0.v20100520-0800,"org.eclipse.search",1767339142066
stopped,bundle,org.eclipse.mylyn.team.ui,3.4.2.v20100909-0100-e3x,"org.eclipse.mylyn.team.ui",1767339142066
stopped,bundle,org.eclipse.ui.navigator.resources,3.4.201.M20100707-0800,"org.eclipse.ui.navigator.resources",1767339142066
stopped,bundle,org.eclipse.ltk.ui.refactoring,3.5.0.v20100526-0800,"org.eclipse.ltk.ui.refactoring",1767339142066
stopped,bundle,org.eclipse.mylyn.bugzilla.ui,3.4.2.v20100909-0100-e3x,"org.eclipse.mylyn.bugzilla.ui",1767339142066
stopped,bundle,org.eclipse.mylyn.ide.ui,3.4.0.v20100608-0100-e3x,"org.eclipse.mylyn.ide.ui",1767339142066
stopped,bundle,org.eclipse.mylyn.resources.ui,3.4.1.v20100909-0100-e3x,"org.eclipse.mylyn.resources.ui",1767339142066
stopped,bundle,org.eclipse.mylyn.wikitext.tasks.ui,1.3.1.v20100823-0100-e3x,"org.eclipse.mylyn.wikitext.tasks.ui",1767339142073
stopped,bundle,org.eclipse.mylyn.context.ui,3.4.1.v20100909-0100-e3x,"org.eclipse.mylyn.context.ui",1767339142073
stopped,bundle,org.eclipse.mylyn.help.ui,3.4.1.v20100823-0100-e3x,"org.eclipse.mylyn.help.ui",1767339142075
stopped,bundle,org.eclipse.mylyn.tasks.bugs,3.4.1.v20100823-0100-e3x,"org.eclipse.mylyn.tasks.bugs",1767339142075
stopped,bundle,org.eclipse.mylyn.tasks.ui,3.4.2.v20100902-0100-e3x,"org.eclipse.mylyn.tasks.ui",1767339142075
stopped,bundle,org.eclipse.team.cvs.ui,3.3.301.R36x_v20100825-0800,"org.eclipse.team.cvs.ui",1767339142075
stopped,bundle,org.eclipse.team.ui,3.5.101.R36x_v20100825-0800,"org.eclipse.team.ui",1767339142075
stopped,bundle,org.eclipse.compare,3.5.100.I20100526-0800,"org.eclipse.compare",1767339142075
stopped,bundle,org.eclipse.ui.externaltools,3.2.0.v20100427,"org.eclipse.ui.externaltools",1767339142075
stopped,bundle,org.eclipse.debug.ui,3.6.1.v20100901_r361,"org.eclipse.debug.ui",1767339142081
activated,perspective,org.eclipse.jdt.ui,,"org.eclipse.jdt.ui.JavaPerspective",1767344966193
started,bundle,org.eclipse.osgi,3.6.1.R36x_v20100806,"org.eclipse.osgi",1767344966193
started,bundle,org.eclipse.equinox.simpleconfigurator,1.0.200.v20100503,"org.eclipse.equinox.simpleconfigurator",1767344966193
started,bundle,com.ibm.icu,4.2.1.v20100412,"com.ibm.icu",1767344966193
started,bundle,org.eclipse.compare.core,3.5.100.I20100526-0800,"org.eclipse.compare.core",1767344966193
started,bundle,org.eclipse.core.contenttype,3.4.100.v20100505-1235,"org.eclipse.core.contenttype",1767344966193
started,bundle,org.eclipse.core.databinding.observable,1.3.0.I20100601-0800,"org.eclipse.core.databinding.observable",1767344966193
started,bundle,org.eclipse.core.expressions,3.4.200.v20100505,"org.eclipse.core.expressions",1767344966193
started,bundle,org.eclipse.core.filebuffers,3.5.100.v20100520-0800,"org.eclipse.core.filebuffers",1767344966193
started,bundle,org.eclipse.core.filesystem,1.3.1.R36x_v20100727-0745,"org.eclipse.core.filesystem",1767344966193
started,bundle,org.eclipse.core.jobs,3.5.1.R36x_v20100824,"org.eclipse.core.jobs",1767344966193
started,bundle,org.eclipse.core.net,1.2.100.I20100511-0800,"org.eclipse.core.net",1767344966193
started,bundle,org.eclipse.core.resources,3.6.0.R36x_v20100825-0600,"org.eclipse.core.resources",1767344966209
started,bundle,org.eclipse.core.runtime,3.6.0.v20100505,"org.eclipse.core.runtime",1767344966209
started,bundle,org.eclipse.core.runtime.compatibility,3.2.100.v20100505,"org.eclipse.core.runtime.compatibility",1767344966209
started,bundle,org.eclipse.core.runtime.compatibility.auth,3.2.200.v20100517,"org.eclipse.core.runtime.compatibility.auth",1767344966209
started,bundle,org.eclipse.core.variables,3.2.400.v20100505,"org.eclipse.core.variables",1767344966209
started,bundle,org.eclipse.debug.core,3.6.0.v20100519,"org.eclipse.debug.core",1767344966209
started,bundle,org.eclipse.epp.usagedata.gathering,1.3.0.R201005261100,"org.eclipse.epp.usagedata.gathering",1767344966209
started,bundle,org.eclipse.epp.usagedata.recording,1.3.0.R201005261100,"org.eclipse.epp.usagedata.recording",1767344966209
started,bundle,org.eclipse.equinox.app,1.3.1.R36x_v20100803,"org.eclipse.equinox.app",1767344966209
started,bundle,org.eclipse.equinox.common,3.6.0.v20100503,"org.eclipse.equinox.common",1767344966209
started,bundle,org.eclipse.equinox.ds,1.2.1.R36x_v20100803,"org.eclipse.equinox.ds",1767344966209
started,bundle,org.eclipse.equinox.event,1.2.0.v20100503,"org.eclipse.equinox.event",1767344966209
started,bundle,org.eclipse.equinox.p2.core,2.0.2.R36x_v20100804,"org.eclipse.equinox.p2.core",1767344966209
